Num_Cta,Cli_codigo,TipoCuenta,Sucursal,FechaApertura,Saldo
191-10001-71,C0001,CTA CORRIENTE,Callao,30/04/2010,8788.87
191-10002-10,C0002,CTA AHORROS SOLES,San Isidro,03/07/2017,840.7
191-10003-25,C0003,NA,Miraflores,11/06/2012,10527.2
191-10004-94,C0004,NA,Callao,12/05/2013,8873.68
191-10005-78,C0005,CTA AHORROS SOLES,San Isidro,03/09/2022,13944.09
191-10006-15,C0006,CTA CORRIENTE,Cajamarca,23/05/2018,14217.69
191-10007-47,C0007,CTA AHORROS DOLARES,Lince,03/01/2024,14484.44
191-10008-27,C0008,CTA AHORROS DOLARES,La Molina,03/05/2017,11835.9
191-10009-59,C0009,CTA CORRIENTE,Miraflores,06/08/2015,9443.62
191-10010-66,C0010,CTA AHORROS SOLES,Lince,28/10/2017,14086.79
191-10011-75,C0011,NA,Lince,13/05/2020,13567.1
191-10012-80,C0012,CTA AHORROS DOLARES,Miraflores,26/12/2013,1079.17
191-10013-22,C0013,CTA AHORROS DOLARES,Cajamarca,23/06/2021,5314.1
191-10014-41,C0014,NA,Lince,09/01/2015,5287.87
191-10015-61,C0015,CTA AHORROS SOLES,Surco,19/07/2010,3315.02
191-10016-44,C0016,CTA CORRIENTE,Callao,08/09/2013,12646.98
191-10017-46,C0017,CTA CORRIENTE,Surco,19/09/2018,8452.74
191-10018-42,C0018,CTA CORRIENTE,Cajamarca,21/04/2020,8222.92
191-10019-25,C0019,CTA CORRIENTE,Lince,14/03/2020,6265.03
191-10020-77,C0020,CTA CORRIENTE,Cajamarca,19/09/2017,12326.7
191-10021-88,C0021,CTA CORRIENTE,Miraflores,17/10/2024,4614.67
191-10022-84,C0022,NA,Cajamarca,07/12/2012,5415.06
191-10023-50,C0023,NA,La Molina,01/03/2012,4182.85
191-10024-72,C0024,CTA AHORROS SOLES,Callao,12/04/2010,7386.85
191-10025-32,C0025,CTA AHORROS DOLARES,Lince,14/10/2016,3758.67
191-10026-88,C0026,CTA CORRIENTE,Surco,09/05/2019,4600.35
191-10027-24,C0027,CTA CORRIENTE,La Molina,10/05/2024,13058.73
191-10028-94,C0028,CTA AHORROS SOLES,Surco,01/09/2011,6840.9
191-10029-17,C0029,CTA AHORROS DOLARES,Miraflores,01/03/2010,14503.56
191-10030-77,C0030,CTA AHORROS SOLES,Cajamarca,23/01/2010,7329.16
191-10031-25,C0031,CTA CORRIENTE,Miraflores,17/01/2023,11439.3
191-10032-89,C0032,CTA CORRIENTE,Lince,26/08/2015,10851.33
191-10033-42,C0033,CTA AHORROS DOLARES,Miraflores,12/04/2013,5975.18
191-10034-32,C0034,CTA CORRIENTE,La Molina,26/10/2021,4321.54
191-10035-48,C0035,CTA CORRIENTE,San Isidro,01/09/2022,8373.74
191-10036-57,C0036,CTA AHORROS SOLES,Lince,15/06/2015,14849.51
191-10037-63,C0037,CTA AHORROS DOLARES,Lince,05/12/2019,8908.37
191-10038-22,C0038,CTA CORRIENTE,Lince,11/12/2021,13478.72
191-10039-57,C0039,CTA AHORROS DOLARES,Surco,03/11/2016,7813.77
191-10040-13,C0040,CTA AHORROS SOLES,Lince,10/09/2013,4335.8
191-10041-99,C0041,CTA AHORROS DOLARES,Miraflores,01/05/2016,5753.76
191-10042-70,C0042,NA,Cajamarca,19/03/2018,1976.58
191-10043-80,C0043,NA,Lince,10/06/2021,3035.81
191-10044-74,C0044,CTA AHORROS SOLES,Cajamarca,18/03/2015,8259.04
191-10045-17,C0045,CTA AHORROS DOLARES,Cajamarca,18/03/2023,7582.14
191-10046-23,C0046,CTA AHORROS SOLES,Callao,19/05/2017,2444.39
191-10047-44,C0047,CTA CORRIENTE,Cajamarca,26/11/2017,8520.17
191-10048-49,C0048,CTA AHORROS DOLARES,Lince,25/08/2019,14440.59
191-10049-72,C0049,NA,San Isidro,29/09/2010,1869.83
191-10050-10,C0050,NA,Callao,19/11/2020,13943.94
191-10051-68,C0051,CTA AHORROS DOLARES,Surco,21/11/2023,11633.28
191-10052-76,C0052,CTA AHORROS DOLARES,Callao,21/11/2018,9168.93
191-10053-93,C0053,NA,La Molina,05/01/2017,14130.55
191-10054-99,C0054,CTA CORRIENTE,La Molina,27/06/2016,8716.26
191-10055-82,C0055,CTA AHORROS DOLARES,Callao,02/02/2011,2522.85
191-10056-91,C0056,CTA AHORROS SOLES,Cajamarca,10/10/2021,9145.81
191-10057-72,C0057,CTA AHORROS SOLES,San Isidro,18/09/2015,1970.69
191-10058-47,C0058,CTA AHORROS DOLARES,Cajamarca,24/12/2020,13519.72
191-10059-83,C0059,NA,Callao,07/05/2019,2649.38
191-10060-48,C0060,CTA AHORROS SOLES,La Molina,13/08/2020,8821.91
191-10061-84,C0061,NA,Cajamarca,07/05/2017,4434.98
191-10062-57,C0062,CTA AHORROS DOLARES,Lince,10/11/2017,583.36
191-10063-69,C0063,NA,Surco,19/12/2013,9089.57
191-10064-14,C0064,CTA CORRIENTE,Cajamarca,28/08/2018,5550.91
191-10065-85,C0065,CTA AHORROS SOLES,La Molina,26/02/2019,6295.65
191-10066-45,C0066,CTA CORRIENTE,Callao,13/08/2019,8629.85
191-10067-26,C0067,CTA AHORROS SOLES,Callao,29/01/2018,2868.94
191-10068-11,C0068,CTA CORRIENTE,La Molina,26/04/2019,8469.76
191-10069-65,C0069,CTA AHORROS DOLARES,La Molina,22/10/2016,9950.21
191-10070-99,C0070,CTA AHORROS SOLES,La Molina,15/11/2011,5294.42
191-10071-94,C0071,NA,Lince,01/01/2020,13146.48
191-10072-94,C0072,CTA CORRIENTE,La Molina,12/05/2024,11281.21
191-10073-35,C0073,NA,Cajamarca,21/04/2018,703.02
191-10074-80,C0074,CTA AHORROS SOLES,La Molina,11/06/2022,11124.67
191-10075-63,C0075,CTA AHORROS DOLARES,Lince,27/03/2011,10421.76
191-10076-66,C0076,CTA CORRIENTE,La Molina,20/08/2018,565.13
191-10077-17,C0077,NA,Miraflores,03/01/2010,12651.55
191-10078-99,C0078,NA,Surco,10/01/2019,1260.78
191-10079-62,C0079,CTA AHORROS SOLES,San Isidro,24/01/2019,9355.35
191-10080-60,C0080,CTA AHORROS SOLES,Callao,06/07/2021,1969.36
191-10081-90,C0081,NA,Surco,19/03/2018,6002.05
191-10082-65,C0082,CTA AHORROS DOLARES,Surco,18/10/2017,12416.62
191-10083-60,C0083,CTA AHORROS SOLES,La Molina,16/08/2018,2829.48
191-10084-71,C0084,NA,La Molina,09/01/2016,11622.29
191-10085-44,C0085,NA,Callao,17/08/2018,14397.13
191-10086-57,C0086,CTA CORRIENTE,Cajamarca,26/07/2011,1662.16
191-10087-96,C0087,CTA AHORROS SOLES,Surco,19/03/2016,7009.96
191-10088-35,C0088,CTA AHORROS DOLARES,Miraflores,13/03/2013,12680.2
191-10089-74,C0089,CTA AHORROS DOLARES,Callao,11/04/2012,2793.67
191-10090-93,C0090,CTA AHORROS SOLES,Lince,12/06/2020,4834.6
191-10091-32,C0091,NA,Callao,02/07/2015,725.29
191-10092-20,C0092,CTA AHORROS DOLARES,Surco,01/11/2017,9860.61
191-10093-37,C0093,CTA AHORROS SOLES,Surco,02/08/2020,11994.65
191-10094-93,C0094,CTA CORRIENTE,La Molina,06/04/2011,7118.56
191-10095-84,C0095,NA,Cajamarca,09/09/2015,5131.9
191-10096-54,C0096,CTA AHORROS DOLARES,Surco,13/12/2019,2354.97
191-10097-75,C0097,CTA CORRIENTE,Surco,15/06/2020,4559.25
191-10098-15,C0098,CTA CORRIENTE,Surco,14/07/2012,13264.5
191-10099-19,C0099,CTA AHORROS DOLARES,Miraflores,25/06/2024,14443.83
191-10100-81,C0100,CTA AHORROS SOLES,Callao,24/03/2021,6334.62
191-10101-70,C0101,CTA CORRIENTE,La Molina,30/06/2020,3536.82
191-10102-17,C0102,CTA AHORROS DOLARES,San Isidro,06/01/2013,2351.1
191-10103-70,C0103,CTA AHORROS DOLARES,Miraflores,16/05/2012,7000.6
191-10104-54,C0104,NA,La Molina,29/02/2012,2257.12
191-10105-34,C0105,CTA AHORROS SOLES,La Molina,05/04/2023,14811.8
191-10106-81,C0106,NA,La Molina,19/03/2015,14659.61
191-10107-84,C0107,CTA AHORROS SOLES,San Isidro,20/12/2022,5457.11
191-10108-77,C0108,CTA AHORROS DOLARES,Lince,18/08/2019,4523.13
191-10109-76,C0109,CTA CORRIENTE,Miraflores,25/10/2013,1529.4
191-10110-77,C0110,NA,Cajamarca,27/11/2023,13144.93
191-10111-30,C0111,CTA AHORROS SOLES,Surco,21/06/2015,6399.21
191-10112-68,C0112,CTA AHORROS DOLARES,Surco,12/12/2018,6083.97
191-10113-19,C0113,CTA CORRIENTE,Cajamarca,10/07/2012,565.43
191-10114-71,C0114,NA,San Isidro,26/12/2024,13260.33
191-10115-24,C0115,NA,Surco,15/07/2015,11770.59
191-10116-41,C0116,CTA AHORROS DOLARES,Callao,16/12/2010,9425.42
191-10117-23,C0117,CTA AHORROS SOLES,Cajamarca,12/08/2017,6212.68
191-10118-50,C0118,CTA AHORROS DOLARES,Cajamarca,17/11/2022,2534.13
191-10119-31,C0119,NA,San Isidro,06/04/2021,1991.74
191-10120-12,C0120,CTA CORRIENTE,Miraflores,05/06/2011,5397.36
191-10121-30,C0121,CTA AHORROS DOLARES,Surco,30/04/2016,2039.78
191-10122-69,C0122,CTA AHORROS SOLES,Miraflores,06/04/2023,6027.88
191-10123-80,C0123,NA,Surco,25/08/2017,2983.68
191-10124-67,C0124,CTA CORRIENTE,San Isidro,16/06/2011,12701.52
191-10125-57,C0125,CTA CORRIENTE,La Molina,13/01/2018,1027.83
191-10126-45,C0126,CTA AHORROS SOLES,La Molina,15/04/2017,13521.17
191-10127-79,C0127,CTA AHORROS DOLARES,Miraflores,31/03/2011,8526.12
191-10128-55,C0128,CTA AHORROS SOLES,La Molina,08/02/2013,6632.57
191-10129-99,C0129,CTA AHORROS DOLARES,La Molina,17/04/2014,8860.21
191-10130-94,C0130,CTA AHORROS DOLARES,Surco,03/01/2020,5206.35
191-10131-48,C0131,CTA CORRIENTE,Lince,12/06/2011,2811.74
191-10132-11,C0132,CTA AHORROS SOLES,Miraflores,27/11/2018,4803.84
191-10133-10,C0133,CTA AHORROS SOLES,La Molina,21/06/2010,13087.12
191-10134-69,C0134,CTA AHORROS SOLES,La Molina,30/06/2021,13407.13
191-10135-76,C0135,CTA AHORROS SOLES,Surco,15/06/2011,1879.0
191-10136-10,C0136,NA,La Molina,14/02/2010,12202.36
191-10137-79,C0137,CTA AHORROS DOLARES,Callao,04/03/2019,4831.06
191-10138-49,C0138,CTA AHORROS SOLES,Surco,14/09/2024,6382.07
191-10139-58,C0139,NA,Surco,04/08/2014,5154.31
191-10140-17,C0140,CTA CORRIENTE,Surco,20/09/2023,5513.61
191-10141-89,C0141,CTA AHORROS DOLARES,Miraflores,09/03/2016,14443.21
191-10142-80,C0142,NA,Surco,21/05/2023,5897.2
191-10143-23,C0143,CTA AHORROS SOLES,Surco,02/05/2011,11997.88
191-10144-57,C0144,CTA AHORROS DOLARES,La Molina,10/10/2023,5473.5
191-10145-62,C0145,CTA AHORROS DOLARES,Miraflores,28/02/2020,8158.51
191-10146-77,C0146,CTA CORRIENTE,Surco,15/05/2016,7990.85
191-10147-11,C0147,CTA AHORROS SOLES,Miraflores,10/01/2023,9655.96
191-10148-77,C0148,NA,Miraflores,24/11/2017,4365.46
191-10149-50,C0149,CTA CORRIENTE,Surco,16/08/2023,7427.1
191-10150-95,C0150,CTA AHORROS DOLARES,La Molina,19/09/2016,5246.86
191-10151-85,C0151,CTA AHORROS DOLARES,Callao,29/11/2011,1364.73
191-10152-83,C0152,NA,Lince,28/08/2014,11640.99
191-10153-98,C0153,CTA AHORROS DOLARES,La Molina,11/11/2021,14325.49
191-10154-70,C0154,CTA CORRIENTE,Lince,07/09/2010,13591.28
191-10155-82,C0155,CTA CORRIENTE,Lince,19/10/2024,1290.98
191-10156-62,C0156,CTA CORRIENTE,Surco,28/10/2012,8114.17
191-10157-71,C0157,CTA AHORROS SOLES,Cajamarca,14/04/2010,10290.32
191-10158-80,C0158,NA,Miraflores,15/12/2015,9827.13
191-10159-88,C0159,CTA AHORROS SOLES,Lince,07/05/2016,10964.62
191-10160-80,C0160,CTA CORRIENTE,Miraflores,08/11/2021,5286.53
191-10161-95,C0161,CTA AHORROS SOLES,Cajamarca,23/04/2016,5938.59
191-10162-51,C0162,CTA AHORROS SOLES,Miraflores,15/06/2024,14854.96
191-10163-11,C0163,CTA CORRIENTE,Cajamarca,18/03/2014,8996.85
191-10164-27,C0164,CTA AHORROS DOLARES,San Isidro,24/08/2022,13405.15
191-10165-74,C0165,CTA CORRIENTE,San Isidro,27/04/2023,13767.96
191-10166-69,C0166,CTA CORRIENTE,La Molina,28/12/2013,9276.69
191-10167-65,C0167,CTA AHORROS DOLARES,Callao,14/02/2017,14024.39
191-10168-59,C0168,NA,Cajamarca,01/03/2016,3046.08
191-10169-56,C0169,CTA AHORROS DOLARES,San Isidro,14/04/2014,2525.91
191-10170-20,C0170,CTA AHORROS SOLES,San Isidro,01/04/2017,9542.63
191-10171-64,C0171,CTA AHORROS SOLES,Surco,15/07/2022,14789.22
191-10172-49,C0172,CTA AHORROS DOLARES,Cajamarca,20/06/2020,8493.78
191-10173-59,C0173,CTA AHORROS SOLES,La Molina,21/06/2024,12587.07
191-10174-44,C0174,CTA AHORROS SOLES,San Isidro,27/05/2010,12250.21
191-10175-85,C0175,CTA AHORROS DOLARES,San Isidro,30/06/2011,5042.56
191-10176-46,C0176,NA,Cajamarca,29/11/2024,4575.53
191-10177-90,C0177,CTA CORRIENTE,Lince,08/09/2020,3766.14
191-10178-87,C0178,CTA AHORROS DOLARES,Callao,26/11/2010,7493.86
191-10179-98,C0179,CTA AHORROS DOLARES,La Molina,07/05/2014,2984.11
191-10180-36,C0180,CTA AHORROS DOLARES,Surco,12/02/2015,6414.63
191-10181-80,C0181,CTA AHORROS SOLES,Cajamarca,03/02/2019,11831.39
191-10182-90,C0182,CTA CORRIENTE,Miraflores,09/04/2013,12483.97
191-10183-65,C0183,CTA AHORROS SOLES,Surco,10/07/2011,5342.43
191-10184-78,C0184,CTA AHORROS SOLES,Cajamarca,17/03/2012,8897.36
191-10185-91,C0185,CTA AHORROS SOLES,Lince,24/10/2013,12178.26
191-10186-52,C0186,CTA AHORROS DOLARES,Lince,15/10/2017,7144.8
191-10187-18,C0187,CTA CORRIENTE,Lince,18/12/2020,14681.05
191-10188-67,C0188,CTA AHORROS DOLARES,Lince,21/07/2018,9888.01
191-10189-62,C0189,NA,Miraflores,19/01/2024,2718.83
191-10190-74,C0190,NA,La Molina,12/02/2019,12050.65
191-10191-29,C0191,CTA AHORROS DOLARES,Lince,08/08/2019,4822.0
191-10192-38,C0192,CTA AHORROS SOLES,La Molina,27/04/2023,6991.29
191-10193-71,C0193,CTA AHORROS DOLARES,San Isidro,26/09/2020,9932.05
191-10194-56,C0194,CTA CORRIENTE,Lince,14/09/2023,9920.65
191-10195-80,C0195,CTA CORRIENTE,Lince,09/10/2020,5085.26
191-10196-51,C0196,NA,Cajamarca,28/01/2021,2438.04
191-10197-33,C0197,NA,Miraflores,26/10/2020,6626.83
191-10198-39,C0198,NA,Callao,19/05/2012,8138.49
191-10199-23,C0199,CTA CORRIENTE,Callao,09/01/2017,4048.9
191-10200-10,C0200,CTA AHORROS SOLES,San Isidro,18/05/2019,3891.81
191-10201-54,C0201,CTA AHORROS SOLES,San Isidro,02/05/2022,14444.53
191-10202-82,C0202,NA,Cajamarca,30/04/2023,4560.71
191-10203-34,C0203,CTA AHORROS DOLARES,Callao,02/08/2024,4951.83
191-10204-59,C0204,CTA CORRIENTE,Surco,21/08/2015,14139.5
191-10205-91,C0205,NA,Callao,22/01/2016,914.82
191-10206-37,C0206,NA,San Isidro,12/07/2017,13079.88
191-10207-34,C0207,CTA AHORROS DOLARES,Surco,23/07/2017,3118.42
191-10208-77,C0208,CTA AHORROS DOLARES,Lince,28/06/2020,1412.62
191-10209-63,C0209,CTA AHORROS SOLES,Miraflores,09/03/2012,7354.91
191-10210-41,C0210,CTA AHORROS DOLARES,Callao,23/07/2023,6602.95
191-10211-83,C0211,CTA AHORROS SOLES,Cajamarca,27/11/2017,1672.65
191-10212-67,C0212,CTA CORRIENTE,Callao,15/04/2019,4924.53
191-10213-70,C0213,CTA AHORROS SOLES,Surco,31/12/2022,1207.03
191-10214-58,C0214,NA,Cajamarca,16/11/2021,9491.94
191-10215-10,C0215,NA,San Isidro,21/06/2017,3429.52
191-10216-68,C0216,NA,Miraflores,10/09/2023,4788.62
191-10217-26,C0217,CTA CORRIENTE,San Isidro,16/04/2023,4194.04
191-10218-81,C0218,NA,La Molina,15/09/2023,12761.79
191-10219-74,C0219,CTA AHORROS SOLES,Lince,06/12/2019,10805.69
191-10220-99,C0220,NA,Miraflores,17/10/2019,10059.61
191-10221-90,C0221,NA,Miraflores,18/05/2019,8788.76
191-10222-33,C0222,CTA CORRIENTE,Cajamarca,02/11/2016,5839.19
191-10223-81,C0223,CTA AHORROS SOLES,Cajamarca,19/12/2021,14713.39
191-10224-76,C0224,CTA CORRIENTE,La Molina,21/12/2011,5331.39
191-10225-47,C0225,CTA AHORROS SOLES,San Isidro,21/08/2018,11515.7
191-10226-79,C0226,CTA AHORROS SOLES,Lince,04/06/2022,10868.37
191-10227-57,C0227,CTA AHORROS DOLARES,La Molina,27/04/2019,3576.61
191-10228-73,C0228,CTA AHORROS DOLARES,Callao,17/09/2010,5692.85
191-10229-38,C0229,CTA AHORROS SOLES,Callao,25/06/2014,4622.57
191-10230-48,C0230,CTA CORRIENTE,Cajamarca,10/05/2012,5419.81
191-10231-71,C0231,CTA AHORROS SOLES,Surco,28/05/2022,14715.94
191-10232-53,C0232,CTA AHORROS SOLES,Lince,26/07/2015,9459.95
191-10233-26,C0233,CTA CORRIENTE,Miraflores,04/05/2010,3915.26
191-10234-99,C0234,CTA AHORROS DOLARES,La Molina,30/11/2014,5697.3
191-10235-18,C0235,CTA AHORROS SOLES,Miraflores,12/02/2012,8795.24
191-10236-21,C0236,CTA CORRIENTE,Miraflores,26/10/2021,12261.65
191-10237-53,C0237,CTA CORRIENTE,Cajamarca,08/06/2016,4239.75
191-10238-76,C0238,CTA CORRIENTE,San Isidro,22/06/2024,13443.23
191-10239-11,C0239,CTA AHORROS DOLARES,Cajamarca,30/10/2011,12585.31
191-10240-96,C0240,CTA AHORROS DOLARES,Lince,17/09/2010,8021.1
191-10241-93,C0241,CTA AHORROS DOLARES,San Isidro,30/03/2015,2023.62
191-10242-97,C0242,CTA CORRIENTE,Cajamarca,04/09/2012,5875.52
191-10243-28,C0243,CTA AHORROS SOLES,La Molina,06/09/2017,10721.14
191-10244-94,C0244,CTA AHORROS DOLARES,Cajamarca,20/08/2011,4697.27
191-10245-85,C0245,CTA AHORROS SOLES,Callao,31/07/2015,9403.86
191-10246-18,C0246,NA,Lince,06/02/2015,3153.22
191-10247-70,C0247,CTA AHORROS DOLARES,Callao,17/02/2020,5301.94
191-10248-50,C0248,CTA CORRIENTE,Callao,03/02/2022,14090.16
191-10249-51,C0249,CTA AHORROS SOLES,Cajamarca,28/04/2011,14049.85
191-10250-51,C0250,CTA AHORROS DOLARES,Cajamarca,11/12/2018,13558.1
191-10251-95,C0251,CTA CORRIENTE,San Isidro,18/08/2021,13318.99
191-10252-16,C0252,CTA CORRIENTE,Lince,10/08/2017,1865.92
191-10253-78,C0253,NA,Miraflores,25/03/2017,1776.73
191-10254-34,C0254,CTA AHORROS SOLES,Callao,23/01/2016,10324.15
191-10255-90,C0255,CTA AHORROS DOLARES,Callao,26/11/2020,5060.07
191-10256-24,C0256,NA,Surco,11/08/2015,12091.17
191-10257-73,C0257,CTA AHORROS SOLES,Callao,06/08/2018,14182.59
191-10258-17,C0258,CTA AHORROS DOLARES,San Isidro,10/02/2023,4381.85
191-10259-29,C0259,NA,Surco,23/05/2021,6202.12
191-10260-42,C0260,CTA CORRIENTE,Lince,04/02/2021,4494.33
191-10261-63,C0261,CTA AHORROS SOLES,San Isidro,20/11/2013,3339.55
191-10262-60,C0262,CTA CORRIENTE,Callao,09/09/2014,1076.45
191-10263-93,C0263,CTA AHORROS DOLARES,Cajamarca,18/11/2011,3556.46
191-10264-61,C0264,CTA CORRIENTE,San Isidro,23/01/2016,3021.38
191-10265-88,C0265,CTA AHORROS DOLARES,La Molina,08/02/2010,11748.53
191-10266-33,C0266,CTA AHORROS DOLARES,Callao,29/11/2024,11118.77
191-10267-68,C0267,NA,Surco,09/02/2017,7905.96
191-10268-90,C0268,NA,Callao,04/06/2012,13932.04
191-10269-63,C0269,CTA CORRIENTE,Cajamarca,08/08/2013,13438.64
191-10270-14,C0270,CTA AHORROS DOLARES,San Isidro,02/06/2018,14923.91
191-10271-89,C0271,CTA AHORROS DOLARES,Callao,11/11/2017,1403.22
191-10272-88,C0272,CTA CORRIENTE,La Molina,27/08/2012,13584.05
191-10273-27,C0273,CTA AHORROS DOLARES,San Isidro,24/05/2011,4558.94
191-10274-62,C0274,NA,Lince,10/11/2015,3628.72
191-10275-11,C0275,CTA AHORROS SOLES,San Isidro,11/12/2015,8748.85
191-10276-60,C0276,NA,Lince,30/03/2013,12676.1
191-10277-45,C0277,CTA CORRIENTE,Lince,04/01/2017,5087.03
191-10278-79,C0278,CTA AHORROS SOLES,Cajamarca,10/02/2018,6414.17
191-10279-36,C0279,CTA CORRIENTE,Cajamarca,05/07/2020,5505.39
191-10280-22,C0280,NA,Callao,09/04/2019,14970.42
191-10281-91,C0281,NA,Lince,02/05/2013,13626.47
191-10282-54,C0282,CTA AHORROS DOLARES,Surco,09/06/2016,3851.11
191-10283-88,C0283,CTA AHORROS SOLES,Lince,21/12/2016,14602.29
191-10284-87,C0284,CTA AHORROS DOLARES,Lince,01/05/2022,12733.48
191-10285-67,C0285,NA,Callao,14/02/2022,10656.47
191-10286-89,C0286,CTA CORRIENTE,La Molina,06/08/2022,2371.16
191-10287-11,C0287,NA,Lince,03/04/2022,6109.35
191-10288-89,C0288,NA,Lince,05/04/2016,8769.19
191-10289-11,C0289,CTA AHORROS DOLARES,Callao,12/06/2017,10682.4
191-10290-47,C0290,CTA AHORROS SOLES,Miraflores,22/05/2023,8489.28
191-10291-10,C0291,CTA AHORROS DOLARES,Cajamarca,06/09/2018,6746.77
191-10292-91,C0292,CTA AHORROS DOLARES,Surco,13/09/2016,3038.66
191-10293-86,C0293,CTA AHORROS SOLES,Miraflores,05/07/2020,8682.03
191-10294-77,C0294,CTA CORRIENTE,Miraflores,24/07/2013,12896.52
191-10295-24,C0295,CTA AHORROS SOLES,Callao,19/11/2016,11933.07
191-10296-98,C0296,CTA AHORROS DOLARES,Callao,23/10/2023,13149.3
191-10297-11,C0297,CTA AHORROS SOLES,Surco,24/08/2016,7638.65
191-10298-94,C0298,NA,Miraflores,14/03/2022,14804.14
191-10299-13,C0299,CTA AHORROS SOLES,Callao,11/07/2011,12475.64
191-10300-25,C0300,CTA AHORROS SOLES,San Isidro,28/12/2010,14248.33
191-10301-43,C0301,CTA AHORROS SOLES,San Isidro,09/09/2019,2181.04
191-10302-10,C0302,NA,Lince,28/03/2010,6128.52
191-10303-54,C0303,CTA AHORROS SOLES,La Molina,01/04/2020,9104.41
191-10304-35,C0304,CTA CORRIENTE,Surco,11/08/2013,13343.49
191-10305-25,C0305,CTA CORRIENTE,Lince,19/05/2013,4655.23
191-10306-81,C0306,NA,Lince,20/08/2023,1596.62
191-10307-73,C0307,CTA AHORROS DOLARES,Surco,13/12/2019,948.59
191-10308-76,C0308,NA,San Isidro,15/07/2017,5189.78
191-10309-16,C0309,CTA AHORROS DOLARES,San Isidro,24/02/2017,508.76
191-10310-73,C0310,CTA AHORROS DOLARES,La Molina,29/11/2013,7159.46
191-10311-20,C0311,CTA AHORROS SOLES,Cajamarca,19/09/2021,12556.99
191-10312-99,C0312,CTA AHORROS DOLARES,San Isidro,27/06/2016,12983.07
191-10313-75,C0313,NA,Miraflores,07/07/2024,6755.82
191-10314-54,C0314,CTA AHORROS SOLES,San Isidro,01/01/2014,11605.33
191-10315-43,C0315,CTA AHORROS SOLES,La Molina,16/05/2013,3431.16
191-10316-26,C0316,NA,Cajamarca,03/10/2023,10308.63
191-10317-17,C0317,CTA AHORROS SOLES,Callao,12/02/2011,9516.96
191-10318-54,C0318,CTA AHORROS SOLES,Cajamarca,08/07/2011,2727.06
191-10319-87,C0319,NA,San Isidro,04/08/2011,5939.6
191-10320-45,C0320,NA,Lince,15/01/2014,4592.62
191-10321-72,C0321,CTA AHORROS DOLARES,Surco,01/07/2011,2424.5
191-10322-89,C0322,CTA AHORROS SOLES,La Molina,20/08/2012,5674.31
191-10323-38,C0323,CTA AHORROS SOLES,Surco,31/03/2019,13992.67
191-10324-11,C0324,CTA CORRIENTE,Surco,14/06/2018,8373.11
191-10325-11,C0325,CTA AHORROS DOLARES,Miraflores,23/09/2010,3036.51
191-10326-68,C0326,CTA AHORROS DOLARES,Callao,08/10/2012,1049.29
191-10327-32,C0327,NA,Callao,24/12/2021,7532.72
191-10328-74,C0328,CTA CORRIENTE,San Isidro,28/12/2017,11076.86
191-10329-93,C0329,CTA CORRIENTE,La Molina,22/04/2011,12683.63
191-10330-92,C0330,CTA AHORROS SOLES,San Isidro,12/08/2016,5875.12
191-10331-80,C0331,CTA AHORROS DOLARES,Callao,27/02/2010,11328.32
191-10332-90,C0332,CTA AHORROS SOLES,Callao,23/07/2014,9883.27
191-10333-36,C0333,CTA AHORROS SOLES,San Isidro,22/04/2011,4206.94
191-10334-16,C0334,CTA AHORROS DOLARES,Surco,07/06/2013,9519.55
191-10335-19,C0335,CTA CORRIENTE,Lince,07/11/2012,2970.32
191-10336-75,C0336,CTA CORRIENTE,Callao,13/04/2023,7419.42
191-10337-70,C0337,CTA AHORROS SOLES,Miraflores,03/03/2021,1572.04
191-10338-24,C0338,CTA AHORROS DOLARES,Callao,09/07/2016,6769.43
191-10339-67,C0339,CTA AHORROS SOLES,Miraflores,10/01/2010,7210.05
191-10340-84,C0340,CTA AHORROS SOLES,San Isidro,10/04/2014,2753.07
191-10341-95,C0341,CTA AHORROS SOLES,La Molina,31/12/2012,9990.51
191-10342-48,C0342,CTA CORRIENTE,Cajamarca,22/01/2014,6739.39
191-10343-62,C0343,CTA CORRIENTE,Miraflores,08/03/2023,11667.5
191-10344-84,C0344,NA,Callao,17/10/2018,4450.33
191-10345-41,C0345,NA,Lince,24/07/2023,13191.43
191-10346-84,C0346,NA,La Molina,27/02/2016,5457.07
191-10347-17,C0347,CTA AHORROS SOLES,Surco,10/10/2023,8196.09
191-10348-24,C0348,CTA CORRIENTE,San Isidro,03/05/2021,12210.39
191-10349-79,C0349,CTA AHORROS SOLES,San Isidro,27/10/2016,2791.62
191-10350-47,C0350,NA,Callao,06/12/2014,12678.09
191-10351-77,C0351,CTA CORRIENTE,Callao,29/11/2013,12612.11
191-10352-30,C0352,CTA CORRIENTE,Miraflores,28/01/2020,1097.27
191-10353-62,C0353,NA,Callao,20/11/2021,9334.47
191-10354-82,C0354,CTA AHORROS DOLARES,La Molina,09/04/2010,2713.11
191-10355-49,C0355,NA,Cajamarca,22/09/2015,7615.33
191-10356-95,C0356,CTA AHORROS SOLES,San Isidro,13/01/2018,934.21
191-10357-58,C0357,CTA CORRIENTE,Lince,16/07/2013,10304.19
191-10358-55,C0358,NA,Cajamarca,16/12/2015,1614.34
191-10359-12,C0359,NA,San Isidro,27/02/2011,5300.04
191-10360-56,C0360,CTA AHORROS DOLARES,Surco,09/05/2018,11302.46
191-10361-68,C0361,CTA CORRIENTE,La Molina,22/10/2015,10684.36
191-10362-12,C0362,CTA AHORROS DOLARES,La Molina,25/09/2022,8806.16
191-10363-26,C0363,CTA CORRIENTE,Surco,03/08/2023,6317.73
191-10364-69,C0364,CTA AHORROS DOLARES,Cajamarca,14/04/2012,14487.09
191-10365-48,C0365,NA,Surco,07/01/2024,3064.5
191-10366-61,C0366,CTA AHORROS SOLES,La Molina,29/10/2016,4300.61
191-10367-82,C0367,CTA AHORROS DOLARES,Surco,26/07/2011,1302.19
191-10368-34,C0368,NA,Miraflores,30/01/2022,4027.76
191-10369-73,C0369,CTA CORRIENTE,Cajamarca,22/11/2022,10013.91
191-10370-10,C0370,CTA CORRIENTE,Callao,24/10/2010,11466.85
191-10371-52,C0371,CTA CORRIENTE,San Isidro,29/05/2021,5178.46
191-10372-84,C0372,NA,Surco,01/04/2015,14470.73
191-10373-81,C0373,CTA AHORROS SOLES,La Molina,28/12/2015,14191.05
191-10374-35,C0374,NA,Miraflores,20/07/2022,12177.34
191-10375-29,C0375,CTA AHORROS DOLARES,La Molina,16/07/2016,7245.36
191-10376-24,C0376,NA,Miraflores,22/05/2012,1721.61
191-10377-74,C0377,NA,San Isidro,26/12/2014,9840.82
191-10378-52,C0378,CTA CORRIENTE,San Isidro,13/09/2014,11778.69
191-10379-56,C0379,CTA AHORROS DOLARES,Miraflores,27/08/2021,9544.39
191-10380-97,C0380,CTA AHORROS SOLES,Callao,23/07/2010,9210.73
191-10381-62,C0381,CTA CORRIENTE,Surco,30/03/2015,5848.79
191-10382-91,C0382,CTA CORRIENTE,Miraflores,15/11/2013,4235.68
191-10383-97,C0383,NA,Cajamarca,05/09/2014,4562.91
191-10384-13,C0384,NA,Surco,07/06/2021,12410.97
191-10385-16,C0385,CTA AHORROS SOLES,Callao,17/01/2011,2863.29
191-10386-23,C0386,CTA CORRIENTE,La Molina,10/09/2018,7148.61
191-10387-35,C0387,NA,La Molina,06/06/2018,9774.42
191-10388-42,C0388,CTA CORRIENTE,Miraflores,21/05/2014,11823.31
191-10389-44,C0389,CTA AHORROS DOLARES,La Molina,02/10/2017,11961.64
191-10390-81,C0390,CTA AHORROS DOLARES,San Isidro,30/04/2016,1441.11
191-10391-27,C0391,NA,Surco,20/10/2023,8915.01
191-10392-51,C0392,NA,Lince,02/03/2020,13275.35
191-10393-39,C0393,CTA CORRIENTE,San Isidro,07/04/2014,1733.11
191-10394-88,C0394,NA,Surco,03/08/2011,7048.77
191-10395-31,C0395,CTA AHORROS DOLARES,La Molina,26/11/2019,13689.84
191-10396-67,C0396,CTA AHORROS DOLARES,San Isidro,08/06/2014,11354.6
191-10397-99,C0397,CTA AHORROS SOLES,Surco,27/09/2017,12787.08
191-10398-52,C0398,NA,Lince,20/08/2013,14455.83
191-10399-13,C0399,CTA CORRIENTE,Surco,10/07/2015,12872.02
191-10400-93,C0400,CTA AHORROS SOLES,Lince,02/01/2018,2579.65
191-10401-36,C0401,CTA CORRIENTE,La Molina,05/12/2014,14215.62
191-10402-16,C0402,NA,San Isidro,17/08/2013,6633.06
191-10403-79,C0403,NA,Lince,19/11/2010,5859.91
191-10404-53,C0404,CTA AHORROS DOLARES,La Molina,15/12/2022,5079.43
191-10405-57,C0405,CTA AHORROS DOLARES,San Isidro,14/11/2023,7005.28
191-10406-86,C0406,NA,La Molina,19/11/2023,10499.65
191-10407-28,C0407,CTA AHORROS DOLARES,Lince,06/05/2016,9557.28
191-10408-23,C0408,CTA AHORROS SOLES,Callao,04/02/2022,2829.98
191-10409-79,C0409,CTA CORRIENTE,San Isidro,21/09/2010,4160.16
191-10410-62,C0410,CTA AHORROS DOLARES,Miraflores,12/07/2018,10953.22
191-10411-48,C0411,CTA CORRIENTE,La Molina,09/04/2020,9734.85
191-10412-91,C0412,CTA AHORROS DOLARES,Cajamarca,02/06/2013,7773.22
191-10413-19,C0413,CTA AHORROS DOLARES,Cajamarca,11/11/2011,14403.77
191-10414-16,C0414,CTA CORRIENTE,Cajamarca,13/04/2016,8483.27
191-10415-99,C0415,NA,San Isidro,20/08/2017,13874.93
191-10416-76,C0416,CTA AHORROS DOLARES,Lince,01/12/2019,2053.83
191-10417-14,C0417,CTA CORRIENTE,Cajamarca,26/12/2018,8803.8
191-10418-70,C0418,CTA AHORROS SOLES,Lince,05/03/2012,13535.37
191-10419-13,C0419,CTA AHORROS DOLARES,San Isidro,04/04/2021,14416.73
191-10420-10,C0420,CTA CORRIENTE,Cajamarca,09/07/2020,13879.45
191-10421-70,C0421,CTA CORRIENTE,Lince,21/12/2015,13047.73
191-10422-19,C0422,CTA AHORROS DOLARES,Surco,11/12/2015,8342.51
191-10423-10,C0423,CTA AHORROS DOLARES,Surco,22/12/2013,8219.6
191-10424-70,C0424,CTA CORRIENTE,Cajamarca,02/07/2024,13211.24
191-10425-88,C0425,CTA AHORROS DOLARES,Miraflores,19/02/2019,10074.14
191-10426-64,C0426,NA,Callao,28/02/2015,3967.83
191-10427-44,C0427,CTA CORRIENTE,La Molina,13/09/2011,11163.8
191-10428-38,C0428,CTA AHORROS SOLES,Callao,03/02/2017,11164.09
191-10429-75,C0429,CTA AHORROS SOLES,Miraflores,15/11/2018,8893.17
191-10430-67,C0430,CTA CORRIENTE,Cajamarca,08/07/2014,13625.36
191-10431-72,C0431,CTA CORRIENTE,Miraflores,28/12/2011,7598.69
191-10432-84,C0432,CTA AHORROS SOLES,San Isidro,21/04/2018,14923.45
191-10433-31,C0433,CTA AHORROS SOLES,Miraflores,13/02/2024,2335.05
191-10434-41,C0434,NA,Lince,23/12/2024,8723.25
191-10435-55,C0435,CTA AHORROS SOLES,Surco,18/03/2024,6584.53
191-10436-53,C0436,CTA AHORROS SOLES,San Isidro,03/11/2024,6178.52
191-10437-20,C0437,CTA AHORROS SOLES,Surco,18/07/2014,2326.69
191-10438-42,C0438,CTA CORRIENTE,Callao,13/02/2024,11295.96
191-10439-27,C0439,CTA CORRIENTE,San Isidro,06/04/2017,14198.89
191-10440-37,C0440,CTA AHORROS DOLARES,San Isidro,20/09/2014,7903.61
191-10441-10,C0441,CTA CORRIENTE,La Molina,10/04/2024,8176.83
191-10442-24,C0442,CTA AHORROS DOLARES,Callao,03/08/2022,11909.19
191-10443-16,C0443,CTA AHORROS SOLES,Callao,07/06/2012,1416.84
191-10444-71,C0444,CTA CORRIENTE,San Isidro,06/11/2023,6605.53
191-10445-77,C0445,NA,San Isidro,01/09/2018,3757.75
191-10446-86,C0446,NA,Lince,17/07/2013,14638.45
191-10447-48,C0447,NA,San Isidro,27/11/2021,7651.59
191-10448-77,C0448,CTA AHORROS DOLARES,Miraflores,25/03/2024,5266.36
191-10449-15,C0449,NA,Callao,17/01/2017,9204.79
191-10450-58,C0450,CTA AHORROS SOLES,La Molina,11/05/2024,9275.76
191-10451-43,C0451,CTA CORRIENTE,Lince,15/09/2018,10129.1
191-10452-55,C0452,NA,La Molina,16/08/2020,5274.79
191-10453-21,C0453,CTA AHORROS DOLARES,Surco,24/05/2023,796.0
191-10454-54,C0454,NA,Surco,05/07/2010,12883.09
191-10455-57,C0455,CTA CORRIENTE,La Molina,10/05/2020,6284.34
191-10456-51,C0456,CTA CORRIENTE,Miraflores,13/02/2018,10605.19
191-10457-48,C0457,NA,Callao,11/05/2012,2806.75
191-10458-61,C0458,NA,La Molina,13/12/2022,1409.92
191-10459-25,C0459,CTA CORRIENTE,Callao,07/02/2019,14195.85
191-10460-76,C0460,CTA AHORROS SOLES,Callao,24/11/2020,9723.35
191-10461-80,C0461,CTA AHORROS SOLES,La Molina,03/10/2021,12050.23
191-10462-95,C0462,CTA AHORROS SOLES,Cajamarca,26/10/2014,3655.05
191-10463-63,C0463,CTA AHORROS DOLARES,Miraflores,24/05/2021,3132.13
191-10464-57,C0464,CTA AHORROS DOLARES,Lince,02/04/2018,12094.88
191-10465-87,C0465,CTA AHORROS SOLES,Callao,03/02/2010,14098.22
191-10466-77,C0466,CTA CORRIENTE,Callao,16/06/2023,11311.92
191-10467-48,C0467,CTA AHORROS SOLES,Miraflores,10/12/2016,3358.34
191-10468-25,C0468,CTA AHORROS DOLARES,Surco,14/09/2014,8251.27
191-10469-20,C0469,CTA AHORROS DOLARES,Surco,29/08/2020,7485.01
191-10470-12,C0470,CTA AHORROS DOLARES,La Molina,15/10/2020,1168.53
191-10471-98,C0471,NA,Cajamarca,14/02/2014,14225.72
191-10472-53,C0472,CTA CORRIENTE,Surco,24/06/2017,11034.52
191-10473-94,C0473,NA,Lince,30/06/2015,5226.93
191-10474-18,C0474,CTA CORRIENTE,Callao,24/05/2022,9945.97
191-10475-66,C0475,CTA AHORROS DOLARES,Cajamarca,26/02/2010,569.13
191-10476-51,C0476,CTA AHORROS SOLES,Lince,09/09/2019,12931.36
191-10477-66,C0477,NA,Lince,27/01/2019,13513.53
191-10478-51,C0478,CTA AHORROS DOLARES,Cajamarca,24/04/2024,1918.69
191-10479-27,C0479,CTA AHORROS DOLARES,Cajamarca,18/02/2018,5704.13
191-10480-81,C0480,CTA AHORROS SOLES,Lince,30/04/2012,2812.6
191-10481-34,C0481,CTA AHORROS SOLES,La Molina,01/09/2024,10770.25
191-10482-29,C0482,CTA CORRIENTE,Callao,25/10/2013,4872.95
191-10483-43,C0483,CTA AHORROS SOLES,Miraflores,14/08/2015,5023.14
191-10484-87,C0484,CTA AHORROS DOLARES,Surco,21/07/2021,10482.47
191-10485-62,C0485,NA,San Isidro,31/01/2020,12707.97
191-10486-59,C0486,NA,San Isidro,20/09/2010,14423.34
191-10487-39,C0487,CTA CORRIENTE,La Molina,13/07/2019,6902.69
191-10488-57,C0488,NA,San Isidro,23/10/2021,12825.18
191-10489-34,C0489,CTA AHORROS SOLES,La Molina,04/02/2014,5627.64
191-10490-63,C0490,CTA AHORROS SOLES,La Molina,09/04/2015,5974.77
191-10491-95,C0491,CTA AHORROS SOLES,San Isidro,04/03/2018,14412.94
191-10492-90,C0492,NA,Cajamarca,05/11/2011,3742.17
191-10493-39,C0493,CTA AHORROS DOLARES,Lince,23/11/2012,3095.68
191-10494-35,C0494,CTA CORRIENTE,La Molina,29/07/2022,2297.53
191-10495-21,C0495,CTA AHORROS SOLES,San Isidro,22/07/2019,2565.19
191-10496-74,C0496,CTA AHORROS SOLES,Cajamarca,05/03/2011,10020.55
191-10497-86,C0497,CTA AHORROS DOLARES,San Isidro,07/07/2024,4669.14
191-10498-10,C0498,CTA AHORROS DOLARES,Lince,08/02/2020,2188.65
191-10499-57,C0499,NA,Miraflores,18/06/2014,1169.1
191-10500-36,C0500,CTA AHORROS DOLARES,La Molina,08/11/2017,14130.97
191-10501-73,C0501,CTA CORRIENTE,La Molina,03/06/2017,3850.29
191-10502-70,C0502,CTA CORRIENTE,La Molina,27/02/2013,4495.55
191-10503-47,C0503,CTA CORRIENTE,Lince,24/04/2022,8503.05
191-10504-35,C0504,CTA CORRIENTE,San Isidro,25/04/2023,14407.91
191-10505-90,C0505,CTA AHORROS SOLES,Callao,28/03/2017,6032.62
191-10506-81,C0506,NA,Lince,06/02/2024,4144.47
191-10507-40,C0507,NA,Lince,15/06/2024,12201.66
191-10508-53,C0508,NA,Surco,09/01/2016,1522.82
191-10509-29,C0509,CTA AHORROS DOLARES,Miraflores,03/07/2023,12741.6
191-10510-73,C0510,CTA CORRIENTE,Cajamarca,06/06/2019,8740.7
191-10511-82,C0511,NA,Cajamarca,13/03/2016,9842.0
191-10512-36,C0512,CTA AHORROS DOLARES,Surco,05/11/2010,8394.62
191-10513-61,C0513,CTA CORRIENTE,Miraflores,03/06/2016,11569.89
191-10514-83,C0514,CTA AHORROS DOLARES,San Isidro,10/12/2023,10289.58
191-10515-14,C0515,CTA AHORROS DOLARES,Miraflores,22/04/2019,8348.69
191-10516-81,C0516,CTA AHORROS DOLARES,Miraflores,07/09/2017,1158.03
191-10517-42,C0517,CTA AHORROS SOLES,Miraflores,29/11/2014,4279.35
191-10518-94,C0518,NA,Callao,09/08/2019,7225.27
191-10519-13,C0519,CTA AHORROS DOLARES,La Molina,12/09/2014,3968.0
191-10520-38,C0520,NA,Lince,31/08/2013,7841.08
191-10521-37,C0521,CTA AHORROS SOLES,Cajamarca,13/12/2023,9719.21
191-10522-85,C0522,CTA AHORROS SOLES,San Isidro,21/10/2012,6186.04
191-10523-20,C0523,CTA AHORROS DOLARES,Cajamarca,18/01/2019,14294.48
191-10524-54,C0524,CTA AHORROS DOLARES,Surco,05/02/2022,12199.03
191-10525-54,C0525,NA,Callao,17/02/2010,13884.75
191-10526-91,C0526,CTA AHORROS SOLES,Cajamarca,12/08/2023,1698.08
191-10527-79,C0527,CTA CORRIENTE,Lince,13/09/2021,3435.8
191-10528-50,C0528,CTA AHORROS SOLES,La Molina,22/01/2022,8539.55
191-10529-27,C0529,CTA AHORROS DOLARES,Cajamarca,12/09/2016,11100.8
191-10530-28,C0530,CTA AHORROS DOLARES,Cajamarca,10/03/2019,2845.62
191-10531-16,C0531,CTA AHORROS SOLES,Callao,26/10/2011,7445.8
191-10532-42,C0532,NA,Miraflores,02/12/2014,9424.9
191-10533-34,C0533,NA,Cajamarca,30/07/2021,4661.23
191-10534-55,C0534,NA,Callao,17/09/2023,12767.38
191-10535-60,C0535,CTA AHORROS DOLARES,San Isidro,27/02/2015,3301.37
191-10536-12,C0536,CTA AHORROS SOLES,Cajamarca,11/10/2011,4002.81
191-10537-89,C0537,CTA AHORROS SOLES,Lince,13/01/2013,13236.39
191-10538-30,C0538,CTA AHORROS SOLES,Miraflores,13/09/2011,13194.55
191-10539-38,C0539,CTA AHORROS DOLARES,Miraflores,05/10/2013,4416.75
191-10540-47,C0540,CTA CORRIENTE,Lince,06/08/2016,6412.35
191-10541-92,C0541,CTA AHORROS DOLARES,Surco,03/09/2023,12265.16
191-10542-71,C0542,CTA CORRIENTE,San Isidro,16/10/2023,14701.46
191-10543-30,C0543,CTA AHORROS DOLARES,Miraflores,07/02/2020,3433.3
191-10544-57,C0544,CTA CORRIENTE,Surco,29/07/2019,9886.2
191-10545-87,C0545,CTA AHORROS DOLARES,Callao,10/11/2018,9826.19
191-10546-14,C0546,CTA AHORROS SOLES,Callao,20/12/2011,13551.12
191-10547-27,C0547,NA,San Isidro,13/01/2020,7753.02
191-10548-90,C0548,NA,Lince,25/02/2019,2356.48
191-10549-68,C0549,NA,Surco,08/08/2010,8811.4
191-10550-86,C0550,CTA AHORROS SOLES,La Molina,05/08/2017,5631.5
191-10551-36,C0551,CTA AHORROS SOLES,Miraflores,15/04/2020,4669.58
191-10552-57,C0552,NA,Callao,02/02/2011,8485.97
191-10553-25,C0553,CTA AHORROS DOLARES,Miraflores,10/07/2023,8160.11
191-10554-72,C0554,CTA AHORROS DOLARES,Lince,10/05/2022,11594.18
191-10555-20,C0555,CTA AHORROS SOLES,Miraflores,05/04/2021,8050.65
191-10556-44,C0556,CTA CORRIENTE,La Molina,26/02/2020,5797.67
191-10557-90,C0557,CTA AHORROS SOLES,Cajamarca,21/07/2013,13075.35
191-10558-56,C0558,CTA AHORROS DOLARES,Surco,10/12/2017,3320.27
191-10559-35,C0559,CTA AHORROS DOLARES,Surco,29/11/2011,14501.15
191-10560-14,C0560,CTA AHORROS SOLES,La Molina,27/03/2011,1757.87
191-10561-90,C0561,CTA CORRIENTE,Callao,26/11/2010,3698.33
191-10562-72,C0562,CTA AHORROS DOLARES,San Isidro,23/07/2013,13263.97
191-10563-96,C0563,CTA AHORROS SOLES,San Isidro,28/07/2011,14462.69
191-10564-39,C0564,CTA AHORROS DOLARES,Cajamarca,02/07/2020,1478.85
191-10565-98,C0565,CTA AHORROS DOLARES,Callao,02/10/2017,1597.41
191-10566-88,C0566,CTA AHORROS SOLES,San Isidro,12/11/2023,3652.61
191-10567-54,C0567,CTA CORRIENTE,Surco,11/01/2014,4237.06
191-10568-59,C0568,CTA AHORROS DOLARES,La Molina,25/11/2021,7831.09
191-10569-75,C0569,CTA CORRIENTE,La Molina,23/12/2024,11864.76
191-10570-59,C0570,CTA AHORROS DOLARES,Lince,27/02/2011,503.67
191-10571-71,C0571,CTA AHORROS SOLES,San Isidro,27/02/2021,10582.83
191-10572-43,C0572,NA,La Molina,04/05/2020,6294.02
191-10573-36,C0573,CTA AHORROS DOLARES,Callao,18/06/2011,9657.92
191-10574-87,C0574,CTA AHORROS SOLES,Callao,21/05/2018,9826.56
191-10575-54,C0575,CTA AHORROS SOLES,Cajamarca,10/09/2022,7128.41
191-10576-37,C0576,CTA CORRIENTE,La Molina,12/04/2015,10585.09
191-10577-59,C0577,CTA AHORROS DOLARES,Lince,29/10/2017,1216.16
191-10578-49,C0578,CTA AHORROS SOLES,Miraflores,30/07/2014,12837.97
191-10579-65,C0579,CTA AHORROS SOLES,La Molina,17/12/2019,14626.45
191-10580-39,C0580,NA,Miraflores,13/08/2014,13166.39
191-10581-82,C0581,NA,Lince,04/06/2021,9220.09
191-10582-43,C0582,CTA AHORROS SOLES,Lince,02/08/2020,7810.14
191-10583-19,C0583,NA,Callao,19/10/2013,6216.62
191-10584-94,C0584,CTA CORRIENTE,La Molina,22/11/2015,8476.45
191-10585-54,C0585,CTA CORRIENTE,Surco,27/01/2018,13220.14
191-10586-79,C0586,NA,Miraflores,28/05/2019,7545.9
191-10587-49,C0587,NA,San Isidro,22/12/2010,2541.26
191-10588-46,C0588,CTA AHORROS SOLES,Cajamarca,04/11/2018,2915.22
191-10589-48,C0589,CTA AHORROS SOLES,Surco,07/07/2010,7013.27
191-10590-57,C0590,CTA CORRIENTE,San Isidro,02/04/2015,4925.12
191-10591-61,C0591,CTA CORRIENTE,Callao,27/07/2013,14661.56
191-10592-75,C0592,CTA AHORROS DOLARES,Surco,30/08/2023,2118.37
191-10593-66,C0593,NA,Lince,10/05/2022,7678.17
191-10594-78,C0594,CTA AHORROS DOLARES,Lince,17/01/2022,4841.16
191-10595-97,C0595,CTA AHORROS DOLARES,La Molina,31/05/2023,7413.04
191-10596-28,C0596,CTA CORRIENTE,Lince,04/03/2020,9114.82
191-10597-64,C0597,CTA CORRIENTE,San Isidro,24/02/2012,848.46
191-10598-14,C0598,CTA AHORROS DOLARES,Cajamarca,18/02/2012,11215.36
191-10599-36,C0599,CTA AHORROS SOLES,Miraflores,30/01/2010,7332.52
191-10600-74,C0600,CTA CORRIENTE,Lince,22/11/2022,6066.93
191-10601-28,C0601,CTA CORRIENTE,Cajamarca,03/05/2024,9311.57
191-10602-23,C0602,NA,San Isidro,11/11/2011,4465.06
191-10603-41,C0603,NA,Callao,11/06/2011,13110.44
191-10604-41,C0604,NA,Surco,18/08/2023,9605.76
191-10605-57,C0605,CTA CORRIENTE,Miraflores,10/10/2012,8223.76
191-10606-52,C0606,CTA CORRIENTE,Lince,26/12/2016,12909.76
191-10607-62,C0607,NA,La Molina,09/06/2016,12410.53
191-10608-12,C0608,NA,La Molina,07/01/2012,8833.34
191-10609-94,C0609,CTA CORRIENTE,San Isidro,09/10/2018,10493.81
191-10610-11,C0610,CTA AHORROS SOLES,Miraflores,24/05/2022,12817.45
191-10611-80,C0611,NA,La Molina,11/04/2016,6446.51
191-10612-90,C0612,NA,Surco,29/09/2023,1697.48
191-10613-56,C0613,CTA AHORROS DOLARES,Miraflores,09/01/2021,2430.48
191-10614-24,C0614,CTA AHORROS DOLARES,Surco,17/10/2019,3558.31
191-10615-39,C0615,CTA AHORROS DOLARES,La Molina,27/06/2014,5445.54
191-10616-93,C0616,CTA AHORROS SOLES,San Isidro,03/04/2013,2450.11
191-10617-92,C0617,CTA CORRIENTE,Callao,04/12/2016,8403.41
191-10618-11,C0618,CTA AHORROS SOLES,Surco,01/03/2018,1627.05
191-10619-65,C0619,CTA AHORROS DOLARES,Lince,27/06/2014,7200.26
191-10620-88,C0620,CTA AHORROS SOLES,Lince,22/02/2012,2710.27
191-10621-77,C0621,NA,Callao,12/12/2021,7111.33
191-10622-64,C0622,CTA AHORROS DOLARES,La Molina,25/01/2020,5183.96
191-10623-32,C0623,CTA CORRIENTE,Miraflores,25/03/2019,14950.4
191-10624-19,C0624,CTA AHORROS DOLARES,Miraflores,11/05/2022,2934.23
191-10625-84,C0625,CTA CORRIENTE,Lince,27/08/2018,7671.67
191-10626-21,C0626,CTA CORRIENTE,Miraflores,15/03/2015,10245.77
191-10627-66,C0627,NA,La Molina,21/09/2023,10469.72
191-10628-14,C0628,CTA AHORROS DOLARES,Lince,13/06/2014,4961.0
191-10629-63,C0629,CTA AHORROS DOLARES,Miraflores,11/12/2020,9440.35
191-10630-22,C0630,CTA AHORROS DOLARES,Cajamarca,29/01/2022,9763.6
191-10631-96,C0631,CTA AHORROS SOLES,Surco,02/01/2011,9242.38
191-10632-85,C0632,CTA AHORROS DOLARES,San Isidro,11/05/2024,3417.72
191-10633-13,C0633,NA,Miraflores,12/12/2017,5002.06
191-10634-62,C0634,CTA AHORROS SOLES,Cajamarca,19/11/2014,14261.53
191-10635-52,C0635,CTA AHORROS DOLARES,Callao,17/06/2018,11864.97
191-10636-52,C0636,NA,Lince,01/06/2010,8747.93
191-10637-33,C0637,CTA CORRIENTE,Callao,01/12/2016,4534.29
191-10638-36,C0638,CTA CORRIENTE,Callao,12/11/2022,11196.85
191-10639-95,C0639,CTA AHORROS SOLES,La Molina,18/04/2016,6408.78
191-10640-88,C0640,CTA CORRIENTE,Miraflores,11/10/2022,7899.29
191-10641-82,C0641,NA,Callao,12/08/2023,7095.25
191-10642-56,C0642,CTA AHORROS DOLARES,Miraflores,04/05/2024,2662.26
191-10643-22,C0643,CTA AHORROS SOLES,Lince,21/02/2010,5655.13
191-10644-28,C0644,CTA CORRIENTE,La Molina,30/03/2011,1521.55
191-10645-86,C0645,CTA AHORROS SOLES,San Isidro,26/01/2018,10841.95
191-10646-82,C0646,CTA CORRIENTE,San Isidro,03/09/2021,4951.07
191-10647-11,C0647,NA,Miraflores,11/04/2020,4295.07
191-10648-54,C0648,CTA AHORROS SOLES,Surco,04/08/2013,3281.84
191-10649-43,C0649,NA,Cajamarca,02/03/2020,13525.77
191-10650-53,C0650,NA,Lince,11/05/2013,8889.07
191-10651-88,C0651,CTA CORRIENTE,Miraflores,06/05/2016,1045.07
191-10652-71,C0652,CTA AHORROS DOLARES,Cajamarca,04/06/2016,7150.13
191-10653-19,C0653,CTA CORRIENTE,Surco,16/11/2015,8797.25
191-10654-90,C0654,CTA AHORROS SOLES,La Molina,12/11/2014,7592.88
191-10655-66,C0655,CTA CORRIENTE,Miraflores,22/08/2021,2083.53
191-10656-93,C0656,NA,Miraflores,16/05/2023,9070.6
191-10657-66,C0657,NA,Cajamarca,15/02/2019,2657.69
191-10658-71,C0658,CTA AHORROS SOLES,La Molina,14/06/2016,6247.49
191-10659-18,C0659,NA,Lince,28/10/2021,836.53
191-10660-97,C0660,CTA AHORROS SOLES,Callao,31/01/2022,7760.16
191-10661-36,C0661,CTA CORRIENTE,Miraflores,25/06/2014,10038.7
191-10662-48,C0662,NA,La Molina,21/06/2019,9585.77
191-10663-76,C0663,NA,Miraflores,27/05/2018,8495.13
191-10664-37,C0664,NA,Callao,15/09/2012,4525.61
191-10665-82,C0665,CTA AHORROS DOLARES,Lince,15/11/2016,12487.97
191-10666-16,C0666,CTA AHORROS DOLARES,San Isidro,22/11/2022,14431.82
191-10667-40,C0667,CTA CORRIENTE,Surco,30/11/2014,1098.69
191-10668-90,C0668,CTA AHORROS DOLARES,San Isidro,31/08/2019,5026.49
191-10669-81,C0669,CTA AHORROS SOLES,Miraflores,04/07/2017,2328.93
191-10670-45,C0670,CTA AHORROS DOLARES,Cajamarca,23/01/2010,7962.77
191-10671-22,C0671,CTA AHORROS SOLES,La Molina,20/02/2012,11178.69
191-10672-37,C0672,CTA CORRIENTE,Cajamarca,06/01/2012,7973.15
191-10673-21,C0673,CTA AHORROS SOLES,San Isidro,29/04/2022,8846.21
191-10674-67,C0674,NA,Surco,29/03/2021,1872.99
191-10675-20,C0675,CTA AHORROS DOLARES,Miraflores,12/05/2024,641.21
191-10676-22,C0676,CTA AHORROS SOLES,Surco,24/05/2019,10785.76
191-10677-43,C0677,CTA CORRIENTE,Callao,11/04/2018,955.12
191-10678-85,C0678,CTA AHORROS DOLARES,Callao,24/06/2023,4976.36
191-10679-21,C0679,CTA AHORROS DOLARES,Cajamarca,14/11/2019,2435.03
191-10680-61,C0680,CTA AHORROS DOLARES,San Isidro,06/03/2016,7382.69
191-10681-55,C0681,NA,San Isidro,10/05/2014,2888.38
191-10682-41,C0682,CTA CORRIENTE,Callao,29/01/2017,9764.56
191-10683-98,C0683,CTA AHORROS SOLES,Lince,19/12/2024,5504.37
191-10684-51,C0684,NA,Lince,22/12/2024,11974.43
191-10685-96,C0685,NA,La Molina,18/01/2019,6933.16
191-10686-77,C0686,NA,Lince,09/08/2014,11237.9
191-10687-12,C0687,NA,San Isidro,14/09/2020,2698.32
191-10688-41,C0688,CTA CORRIENTE,Callao,22/03/2015,2614.47
191-10689-53,C0689,CTA AHORROS DOLARES,Lince,20/01/2015,7680.13
191-10690-62,C0690,CTA AHORROS SOLES,La Molina,10/12/2022,13584.13
191-10691-19,C0691,CTA AHORROS DOLARES,San Isidro,24/02/2023,6951.5
191-10692-86,C0692,CTA AHORROS DOLARES,Lince,02/03/2016,6036.91
191-10693-20,C0693,CTA AHORROS DOLARES,Lince,23/01/2018,12258.39
191-10694-25,C0694,NA,Surco,09/09/2015,5789.27
191-10695-69,C0695,CTA AHORROS SOLES,La Molina,21/11/2020,7115.97
191-10696-12,C0696,CTA AHORROS SOLES,La Molina,14/05/2022,2944.65
191-10697-59,C0697,NA,Callao,19/11/2023,11870.07
191-10698-90,C0698,CTA AHORROS DOLARES,La Molina,18/03/2020,14057.02
191-10699-93,C0699,CTA AHORROS DOLARES,Callao,23/06/2014,14201.99
191-10700-87,C0700,NA,Miraflores,22/08/2018,9508.18
191-10701-87,C0701,NA,Miraflores,27/05/2022,8261.54
191-10702-40,C0702,CTA CORRIENTE,Surco,13/09/2021,2631.45
191-10703-61,C0703,CTA AHORROS SOLES,Callao,02/10/2010,8276.62
191-10704-74,C0704,CTA AHORROS DOLARES,La Molina,06/07/2017,14787.98
191-10705-88,C0705,CTA AHORROS DOLARES,Lince,19/02/2019,10965.29
191-10706-69,C0706,CTA AHORROS DOLARES,Surco,31/03/2023,4722.52
191-10707-48,C0707,CTA AHORROS DOLARES,Lince,06/07/2011,14739.52
191-10708-17,C0708,CTA CORRIENTE,Lince,03/02/2019,14310.89
191-10709-83,C0709,CTA AHORROS DOLARES,Cajamarca,01/12/2023,14113.61
191-10710-12,C0710,CTA CORRIENTE,Surco,19/01/2010,7525.3
191-10711-20,C0711,CTA AHORROS SOLES,Cajamarca,25/11/2022,9204.77
191-10712-59,C0712,CTA CORRIENTE,Lince,29/05/2017,4829.98
191-10713-11,C0713,NA,Surco,27/07/2020,13460.46
191-10714-87,C0714,CTA CORRIENTE,La Molina,18/04/2022,14894.31
191-10715-55,C0715,CTA AHORROS SOLES,Surco,05/08/2014,10515.94
191-10716-59,C0716,CTA CORRIENTE,Lince,12/10/2016,12389.74
191-10717-72,C0717,CTA CORRIENTE,La Molina,27/06/2019,7972.2
191-10718-41,C0718,NA,Cajamarca,26/05/2020,5648.44
191-10719-12,C0719,CTA CORRIENTE,Lince,26/08/2022,6842.31
191-10720-98,C0720,CTA CORRIENTE,Lince,26/06/2020,14389.81
191-10721-96,C0721,NA,Surco,12/09/2024,10912.78
191-10722-73,C0722,CTA CORRIENTE,Lince,16/03/2022,10533.52
191-10723-54,C0723,CTA CORRIENTE,La Molina,01/08/2013,11040.16
191-10724-42,C0724,CTA AHORROS DOLARES,San Isidro,23/12/2021,13416.21
191-10725-66,C0725,CTA AHORROS SOLES,Lince,05/09/2017,11726.9
191-10726-29,C0726,CTA AHORROS SOLES,Cajamarca,29/08/2015,3217.14
191-10727-39,C0727,CTA AHORROS DOLARES,San Isidro,04/05/2014,2644.28
191-10728-61,C0728,CTA CORRIENTE,Surco,29/08/2018,9922.01
191-10729-73,C0729,NA,Lince,19/04/2020,2390.48
191-10730-99,C0730,CTA CORRIENTE,Lince,02/02/2020,14659.88
191-10731-54,C0731,CTA AHORROS DOLARES,San Isidro,07/07/2018,11850.77
191-10732-72,C0732,CTA AHORROS DOLARES,La Molina,24/11/2021,10478.1
191-10733-93,C0733,CTA AHORROS DOLARES,La Molina,23/09/2024,7056.8
191-10734-26,C0734,NA,Miraflores,14/03/2012,10744.74
191-10735-29,C0735,CTA AHORROS SOLES,Miraflores,21/01/2023,10815.03
191-10736-80,C0736,CTA AHORROS SOLES,Lince,16/01/2020,2558.57
191-10737-54,C0737,CTA AHORROS SOLES,Lince,26/10/2011,6460.18
191-10738-69,C0738,NA,La Molina,17/03/2020,13706.73
191-10739-67,C0739,CTA CORRIENTE,La Molina,18/09/2015,13460.65
191-10740-90,C0740,CTA AHORROS SOLES,La Molina,16/04/2016,721.68
191-10741-67,C0741,CTA AHORROS SOLES,Cajamarca,24/08/2011,5954.87
191-10742-65,C0742,CTA CORRIENTE,San Isidro,02/10/2019,6200.55
191-10743-32,C0743,CTA AHORROS SOLES,Callao,04/01/2024,3113.91
191-10744-66,C0744,CTA AHORROS DOLARES,Cajamarca,09/05/2014,10507.88
191-10745-69,C0745,CTA AHORROS DOLARES,San Isidro,11/03/2019,6001.14
191-10746-89,C0746,CTA AHORROS SOLES,Cajamarca,24/01/2017,11940.46
191-10747-95,C0747,CTA AHORROS SOLES,San Isidro,03/12/2021,1685.3
191-10748-78,C0748,NA,Lince,01/11/2018,8081.95
191-10749-40,C0749,CTA CORRIENTE,Lince,22/05/2014,6493.67
191-10750-92,C0750,CTA AHORROS SOLES,Miraflores,25/04/2020,7618.29
191-10751-42,C0751,NA,Callao,02/01/2018,14097.18
191-10752-29,C0752,CTA AHORROS SOLES,Miraflores,22/03/2018,10787.1
191-10753-61,C0753,CTA CORRIENTE,Lince,20/08/2018,13398.08
191-10754-25,C0754,CTA CORRIENTE,Lince,24/02/2024,8691.1
191-10755-27,C0755,CTA AHORROS SOLES,Callao,21/01/2020,4508.73
191-10756-87,C0756,CTA CORRIENTE,La Molina,26/09/2015,2001.22
191-10757-85,C0757,NA,La Molina,28/03/2010,14078.09
191-10758-90,C0758,CTA CORRIENTE,San Isidro,07/04/2012,12059.56
191-10759-21,C0759,CTA CORRIENTE,Cajamarca,07/11/2020,13529.32
191-10760-54,C0760,CTA AHORROS SOLES,Surco,18/10/2014,4746.57
191-10761-59,C0761,CTA AHORROS SOLES,Cajamarca,26/01/2021,3621.55
191-10762-68,C0762,CTA AHORROS DOLARES,San Isidro,01/08/2011,8948.45
191-10763-88,C0763,NA,San Isidro,26/09/2017,8734.29
191-10764-50,C0764,NA,La Molina,12/05/2012,12118.64
191-10765-52,C0765,NA,Callao,18/07/2015,14257.16
191-10766-22,C0766,CTA AHORROS DOLARES,San Isidro,20/06/2014,4367.85
191-10767-19,C0767,CTA AHORROS DOLARES,Callao,25/02/2018,13857.91
191-10768-25,C0768,NA,Surco,12/12/2021,8895.32
191-10769-58,C0769,NA,La Molina,01/08/2023,13505.25
191-10770-82,C0770,CTA AHORROS DOLARES,La Molina,25/01/2020,10724.55
191-10771-30,C0771,NA,Callao,25/03/2022,2752.99
191-10772-63,C0772,CTA AHORROS SOLES,Surco,11/08/2014,4036.6
191-10773-77,C0773,NA,San Isidro,03/10/2017,3667.11
191-10774-75,C0774,NA,Lince,28/12/2020,9975.65
191-10775-20,C0775,CTA AHORROS SOLES,Lince,28/06/2013,3147.36
191-10776-27,C0776,NA,Cajamarca,21/04/2022,4222.74
191-10777-81,C0777,CTA CORRIENTE,La Molina,29/10/2013,12925.79
191-10778-30,C0778,NA,Lince,11/08/2020,1159.09
191-10779-73,C0779,CTA AHORROS DOLARES,Cajamarca,06/02/2020,10244.57
191-10780-99,C0780,CTA CORRIENTE,Surco,17/07/2011,7132.91
191-10781-40,C0781,NA,Lince,14/06/2024,14265.92
191-10782-96,C0782,CTA CORRIENTE,Surco,24/11/2019,13300.81
191-10783-98,C0783,NA,Surco,06/11/2018,2136.0
191-10784-86,C0784,CTA AHORROS SOLES,Callao,20/06/2020,9252.8
191-10785-58,C0785,CTA AHORROS SOLES,Surco,03/06/2020,2563.2
191-10786-64,C0786,CTA AHORROS SOLES,San Isidro,20/11/2010,3181.67
191-10787-18,C0787,CTA AHORROS SOLES,Surco,27/05/2024,8383.2
191-10788-46,C0788,CTA CORRIENTE,San Isidro,31/08/2018,11628.93
191-10789-52,C0789,CTA CORRIENTE,Cajamarca,12/09/2024,1652.32
191-10790-55,C0790,NA,Cajamarca,10/09/2020,3040.02
191-10791-38,C0791,NA,San Isidro,11/01/2016,1740.03
191-10792-67,C0792,CTA AHORROS DOLARES,Lince,17/06/2015,556.13
191-10793-37,C0793,CTA AHORROS DOLARES,Miraflores,05/06/2024,1335.47
191-10794-98,C0794,CTA CORRIENTE,Cajamarca,15/09/2011,14660.54
191-10795-60,C0795,CTA AHORROS DOLARES,La Molina,05/09/2024,2832.01
191-10796-67,C0796,CTA AHORROS SOLES,Lince,15/08/2020,7417.19
191-10797-89,C0797,CTA AHORROS DOLARES,La Molina,05/02/2010,5252.67
191-10798-70,C0798,CTA CORRIENTE,Miraflores,20/09/2013,9662.19
191-10799-57,C0799,CTA AHORROS DOLARES,Callao,07/04/2010,10798.67
191-10800-33,C0800,CTA CORRIENTE,Lince,29/02/2020,976.52
191-10801-42,C0801,CTA CORRIENTE,Callao,15/08/2019,12604.15
191-10802-80,C0802,CTA AHORROS SOLES,Callao,24/12/2023,5582.27
191-10803-45,C0803,CTA CORRIENTE,Cajamarca,13/08/2019,9563.3
191-10804-29,C0804,NA,San Isidro,21/01/2011,10868.41
191-10805-84,C0805,NA,Miraflores,22/03/2013,5808.64
191-10806-96,C0806,CTA CORRIENTE,Callao,29/04/2022,7383.56
191-10807-23,C0807,CTA AHORROS DOLARES,Callao,21/01/2019,3471.47
191-10808-13,C0808,CTA AHORROS DOLARES,Surco,17/05/2022,9499.76
191-10809-77,C0809,CTA AHORROS SOLES,Surco,30/01/2019,6551.06
191-10810-37,C0810,NA,Surco,29/05/2013,10051.01
191-10811-39,C0811,CTA CORRIENTE,Surco,02/11/2016,6939.23
191-10812-64,C0812,CTA CORRIENTE,San Isidro,30/03/2020,1596.69
191-10813-52,C0813,CTA CORRIENTE,Lince,01/09/2017,5810.85
191-10814-58,C0814,NA,San Isidro,19/09/2010,2731.99
191-10815-94,C0815,CTA AHORROS SOLES,La Molina,10/08/2019,4245.94
191-10816-74,C0816,NA,Lince,23/02/2013,5441.84
191-10817-50,C0817,CTA AHORROS DOLARES,Miraflores,20/11/2015,1532.72
191-10818-36,C0818,NA,Surco,31/10/2018,9893.95
191-10819-91,C0819,CTA AHORROS SOLES,Surco,09/08/2020,14318.98
191-10820-68,C0820,CTA AHORROS DOLARES,San Isidro,05/11/2021,9623.08
191-10821-27,C0821,CTA CORRIENTE,Callao,23/01/2017,10618.73
191-10822-24,C0822,NA,San Isidro,25/07/2011,6960.16
191-10823-30,C0823,CTA CORRIENTE,Cajamarca,28/04/2015,4057.24
191-10824-30,C0824,CTA AHORROS DOLARES,Callao,07/06/2013,8877.72
191-10825-79,C0825,CTA AHORROS DOLARES,Lince,29/07/2012,1289.17
191-10826-93,C0826,CTA AHORROS SOLES,Callao,06/12/2017,7639.1
191-10827-77,C0827,CTA AHORROS SOLES,Cajamarca,31/03/2014,7239.54
191-10828-38,C0828,NA,Callao,19/08/2013,6031.67
191-10829-65,C0829,CTA AHORROS DOLARES,La Molina,15/05/2014,1759.3
191-10830-81,C0830,CTA AHORROS DOLARES,Miraflores,02/07/2011,8335.22
191-10831-36,C0831,NA,Miraflores,20/01/2013,3368.19
191-10832-66,C0832,CTA AHORROS SOLES,Lince,02/02/2016,5714.69
191-10833-12,C0833,NA,Surco,25/08/2013,9667.75
191-10834-43,C0834,CTA AHORROS SOLES,La Molina,06/05/2010,9057.84
191-10835-47,C0835,CTA CORRIENTE,Surco,24/02/2024,1244.71
191-10836-20,C0836,CTA AHORROS SOLES,Miraflores,04/08/2015,5848.1
191-10837-34,C0837,NA,Cajamarca,06/07/2017,781.31
191-10838-44,C0838,CTA AHORROS DOLARES,Cajamarca,02/03/2024,8656.57
191-10839-24,C0839,CTA AHORROS SOLES,Surco,27/01/2020,10928.47
191-10840-67,C0840,CTA AHORROS SOLES,San Isidro,18/07/2024,10175.69
191-10841-14,C0841,NA,Callao,03/01/2021,4785.03
191-10842-34,C0842,CTA AHORROS SOLES,Miraflores,01/08/2021,3218.98
191-10843-39,C0843,CTA AHORROS SOLES,Lince,10/12/2016,9415.94
191-10844-45,C0844,CTA AHORROS DOLARES,Cajamarca,20/10/2020,8820.71
191-10845-91,C0845,CTA CORRIENTE,Miraflores,15/05/2016,11032.03
191-10846-96,C0846,CTA AHORROS DOLARES,Lince,22/07/2019,11063.74
191-10847-46,C0847,CTA CORRIENTE,Cajamarca,29/04/2022,4720.46
191-10848-88,C0848,NA,Surco,20/11/2022,2142.05
191-10849-31,C0849,CTA CORRIENTE,Surco,16/02/2020,6787.96
191-10850-45,C0850,CTA CORRIENTE,San Isidro,08/09/2014,7715.11
191-10851-89,C0851,CTA CORRIENTE,Miraflores,12/06/2022,1236.82
191-10852-99,C0852,CTA AHORROS DOLARES,Callao,20/10/2013,6629.76
191-10853-28,C0853,CTA AHORROS DOLARES,Miraflores,16/07/2015,14006.31
191-10854-22,C0854,CTA AHORROS SOLES,Lince,27/11/2019,12146.02
191-10855-86,C0855,CTA AHORROS DOLARES,Lince,13/04/2011,13698.25
191-10856-67,C0856,CTA CORRIENTE,San Isidro,09/03/2022,12576.47
191-10857-73,C0857,CTA CORRIENTE,San Isidro,16/08/2013,1070.78
191-10858-61,C0858,CTA CORRIENTE,San Isidro,19/02/2017,5799.46
191-10859-89,C0859,NA,Callao,07/04/2023,10933.73
191-10860-30,C0860,CTA AHORROS DOLARES,Lince,28/09/2010,9461.89
191-10861-56,C0861,NA,Surco,30/09/2021,6845.15
191-10862-77,C0862,CTA AHORROS SOLES,Cajamarca,13/07/2022,3115.21
191-10863-70,C0863,NA,Miraflores,21/12/2011,757.27
191-10864-26,C0864,CTA AHORROS SOLES,Callao,24/11/2024,14963.75
191-10865-88,C0865,CTA AHORROS SOLES,Lince,08/10/2012,9377.19
191-10866-80,C0866,NA,Callao,09/01/2021,13774.5
191-10867-80,C0867,CTA AHORROS DOLARES,Miraflores,15/03/2016,6048.27
191-10868-73,C0868,NA,La Molina,12/01/2015,14402.47
191-10869-97,C0869,CTA AHORROS SOLES,La Molina,23/09/2018,8591.7
191-10870-96,C0870,NA,Lince,03/07/2016,8280.03
191-10871-35,C0871,CTA AHORROS SOLES,Miraflores,17/01/2021,13636.64
191-10872-16,C0872,CTA AHORROS DOLARES,San Isidro,18/11/2010,10231.88
191-10873-51,C0873,NA,Cajamarca,14/04/2024,8699.7
191-10874-18,C0874,CTA CORRIENTE,La Molina,17/06/2010,14256.83
191-10875-76,C0875,NA,Miraflores,07/02/2017,4805.34
191-10876-26,C0876,CTA CORRIENTE,La Molina,29/12/2013,13699.78
191-10877-56,C0877,CTA AHORROS SOLES,Callao,18/12/2010,845.49
191-10878-69,C0878,CTA AHORROS SOLES,San Isidro,20/01/2023,8548.02
191-10879-73,C0879,CTA CORRIENTE,Surco,19/06/2010,14919.84
191-10880-39,C0880,NA,San Isidro,09/12/2021,12320.51
191-10881-93,C0881,NA,La Molina,21/10/2015,13448.47
191-10882-17,C0882,CTA AHORROS DOLARES,Callao,21/08/2024,12537.46
191-10883-22,C0883,CTA AHORROS DOLARES,Lince,07/12/2018,14969.97
191-10884-52,C0884,CTA AHORROS DOLARES,Surco,18/02/2022,8333.54
191-10885-15,C0885,CTA AHORROS SOLES,Callao,20/08/2013,7983.24
191-10886-45,C0886,NA,La Molina,27/08/2024,8093.06
191-10887-85,C0887,CTA AHORROS DOLARES,Miraflores,20/01/2011,12472.3
191-10888-96,C0888,CTA AHORROS DOLARES,San Isidro,02/08/2018,11498.02
191-10889-55,C0889,CTA AHORROS SOLES,San Isidro,22/01/2016,854.65
191-10890-94,C0890,CTA AHORROS DOLARES,Lince,01/07/2012,4123.66
191-10891-22,C0891,NA,Surco,02/05/2011,2068.25
191-10892-34,C0892,NA,Lince,18/03/2017,3866.02
191-10893-92,C0893,CTA CORRIENTE,Cajamarca,18/06/2014,14858.98
191-10894-12,C0894,CTA CORRIENTE,Surco,26/12/2020,5182.43
191-10895-77,C0895,CTA CORRIENTE,Lince,19/08/2022,3310.83
191-10896-24,C0896,NA,Surco,27/02/2021,5526.53
191-10897-43,C0897,CTA CORRIENTE,Callao,05/04/2024,14206.25
191-10898-14,C0898,NA,La Molina,15/04/2011,5317.09
191-10899-53,C0899,CTA CORRIENTE,Lince,03/12/2015,1527.99
191-10900-27,C0900,NA,San Isidro,12/07/2023,11955.2
191-10901-65,C0901,CTA CORRIENTE,La Molina,25/09/2021,5521.2
191-10902-62,C0902,CTA AHORROS SOLES,San Isidro,31/05/2023,14036.16
191-10903-90,C0903,NA,La Molina,29/10/2012,5374.06
191-10904-69,C0904,NA,Lince,19/07/2012,3262.31
191-10905-22,C0905,NA,Callao,12/11/2010,7881.61
191-10906-53,C0906,CTA AHORROS DOLARES,Surco,02/03/2020,12748.05
191-10907-58,C0907,NA,Miraflores,01/10/2021,2330.83
191-10908-36,C0908,CTA AHORROS DOLARES,La Molina,24/01/2022,9002.79
191-10909-79,C0909,CTA CORRIENTE,Lince,05/09/2014,1512.57
191-10910-18,C0910,CTA CORRIENTE,Callao,16/02/2022,4389.18
191-10911-41,C0911,CTA CORRIENTE,Miraflores,18/07/2017,7119.65
191-10912-14,C0912,NA,Callao,15/05/2023,10746.38
191-10913-89,C0913,NA,Callao,02/03/2024,6650.78
191-10914-12,C0914,CTA CORRIENTE,Surco,04/06/2019,1494.36
191-10915-56,C0915,NA,Lince,18/04/2020,11496.44
191-10916-49,C0916,CTA AHORROS DOLARES,La Molina,31/03/2016,11219.03
191-10917-13,C0917,CTA CORRIENTE,Miraflores,30/07/2020,14788.5
191-10918-33,C0918,NA,Lince,09/03/2010,12770.71
191-10919-56,C0919,CTA CORRIENTE,Miraflores,15/04/2022,7525.39
191-10920-47,C0920,CTA CORRIENTE,San Isidro,31/12/2022,602.64
191-10921-88,C0921,CTA AHORROS DOLARES,Cajamarca,07/02/2014,3919.7
191-10922-30,C0922,CTA AHORROS DOLARES,Miraflores,27/05/2010,4234.97
191-10923-18,C0923,CTA AHORROS DOLARES,Lince,16/12/2017,4826.24
191-10924-73,C0924,CTA AHORROS SOLES,Lince,18/05/2023,5864.04
191-10925-77,C0925,CTA AHORROS SOLES,Surco,16/08/2019,6324.0
191-10926-97,C0926,CTA AHORROS SOLES,Callao,29/07/2016,12341.19
191-10927-75,C0927,CTA AHORROS SOLES,La Molina,25/04/2023,8802.68
191-10928-73,C0928,CTA CORRIENTE,Miraflores,07/09/2016,9245.09
191-10929-23,C0929,CTA AHORROS SOLES,Surco,16/10/2021,13376.75
191-10930-27,C0930,CTA AHORROS DOLARES,San Isidro,30/04/2010,10353.69
191-10931-41,C0931,NA,Callao,14/11/2014,3162.47
191-10932-66,C0932,CTA CORRIENTE,San Isidro,07/02/2016,7704.34
191-10933-13,C0933,NA,Surco,23/09/2021,12564.35
191-10934-76,C0934,CTA AHORROS DOLARES,Miraflores,22/09/2015,7943.63
191-10935-95,C0935,CTA CORRIENTE,San Isidro,17/07/2022,2783.05
191-10936-15,C0936,CTA AHORROS DOLARES,Lince,02/04/2023,5327.66
191-10937-63,C0937,NA,Miraflores,06/07/2018,597.52
191-10938-37,C0938,NA,La Molina,03/06/2010,9669.56
191-10939-99,C0939,CTA AHORROS SOLES,Lince,10/02/2020,5362.72
191-10940-70,C0940,CTA AHORROS DOLARES,Lince,13/08/2017,10579.24
191-10941-80,C0941,CTA AHORROS DOLARES,Cajamarca,21/05/2018,587.68
191-10942-84,C0942,CTA CORRIENTE,La Molina,25/06/2024,11925.44
191-10943-25,C0943,CTA AHORROS DOLARES,San Isidro,27/12/2016,10232.21
191-10944-25,C0944,NA,La Molina,27/02/2015,9787.95
191-10945-87,C0945,CTA AHORROS SOLES,Cajamarca,26/09/2023,14780.67
191-10946-24,C0946,NA,Lince,02/08/2020,12743.56
191-10947-93,C0947,CTA AHORROS DOLARES,San Isidro,27/09/2017,7653.0
191-10948-52,C0948,CTA CORRIENTE,Callao,03/02/2011,1176.27
191-10949-72,C0949,CTA CORRIENTE,Cajamarca,22/12/2018,2523.61
191-10950-42,C0950,NA,Miraflores,11/03/2023,6310.0
191-10951-55,C0951,CTA AHORROS SOLES,San Isidro,08/09/2016,11388.12
191-10952-79,C0952,CTA AHORROS SOLES,Cajamarca,31/05/2023,1708.85
191-10953-41,C0953,CTA AHORROS DOLARES,Cajamarca,08/01/2016,13740.11
191-10954-14,C0954,CTA AHORROS DOLARES,San Isidro,25/03/2020,10486.13
191-10955-97,C0955,CTA CORRIENTE,Lince,01/11/2022,11174.18
191-10956-87,C0956,NA,Lince,19/06/2016,12762.62
191-10957-77,C0957,CTA AHORROS SOLES,Miraflores,11/11/2023,14335.61
191-10958-40,C0958,CTA CORRIENTE,Surco,18/04/2020,4967.28
191-10959-28,C0959,CTA AHORROS SOLES,Lince,05/07/2014,6230.76
191-10960-43,C0960,CTA AHORROS SOLES,Lince,07/09/2019,10686.26
191-10961-89,C0961,NA,Lince,13/08/2015,14298.6
191-10962-29,C0962,CTA CORRIENTE,Lince,03/05/2016,9062.09
191-10963-70,C0963,NA,Surco,12/05/2011,14514.42
191-10964-74,C0964,CTA CORRIENTE,Callao,05/02/2015,2042.81
191-10965-35,C0965,CTA AHORROS DOLARES,Lince,22/02/2023,7389.57
191-10966-96,C0966,CTA AHORROS DOLARES,Surco,04/01/2011,2104.53
191-10967-67,C0967,CTA CORRIENTE,Callao,25/11/2019,6172.22
191-10968-66,C0968,CTA AHORROS DOLARES,La Molina,18/05/2012,14650.26
191-10969-19,C0969,NA,Cajamarca,22/08/2011,1001.42
191-10970-76,C0970,CTA AHORROS DOLARES,Surco,04/07/2019,5588.06
191-10971-16,C0971,CTA CORRIENTE,Cajamarca,15/12/2016,7397.55
191-10972-62,C0972,NA,San Isidro,25/06/2012,11767.75
191-10973-20,C0973,NA,La Molina,20/06/2012,11849.14
191-10974-96,C0974,CTA AHORROS DOLARES,La Molina,21/07/2010,3739.01
191-10975-57,C0975,CTA CORRIENTE,Lince,08/09/2017,6801.81
191-10976-83,C0976,NA,Surco,30/11/2020,3006.2
191-10977-34,C0977,NA,La Molina,21/09/2023,10084.98
191-10978-55,C0978,CTA CORRIENTE,Surco,30/10/2013,10770.16
191-10979-93,C0979,CTA AHORROS SOLES,La Molina,15/02/2017,13902.43
191-10980-71,C0980,CTA AHORROS DOLARES,Cajamarca,20/09/2014,13698.92
191-10981-93,C0981,CTA AHORROS DOLARES,Cajamarca,03/08/2019,2024.47
191-10982-95,C0982,CTA CORRIENTE,La Molina,08/01/2013,12178.02
191-10983-24,C0983,NA,Lince,23/10/2015,13494.1
191-10984-25,C0984,NA,Lince,28/01/2010,12010.67
191-10985-58,C0985,CTA CORRIENTE,Lince,06/08/2024,6585.44
191-10986-34,C0986,CTA AHORROS DOLARES,La Molina,01/09/2024,4913.91
191-10987-49,C0987,CTA AHORROS DOLARES,Callao,08/03/2014,1776.28
191-10988-95,C0988,CTA CORRIENTE,Miraflores,15/03/2014,12984.2
191-10989-61,C0989,NA,La Molina,10/08/2013,8314.21
191-10990-95,C0990,CTA AHORROS DOLARES,Callao,22/08/2022,10406.49
191-10991-89,C0991,CTA AHORROS SOLES,La Molina,26/08/2014,13491.29
191-10992-26,C0992,CTA CORRIENTE,La Molina,05/02/2013,13409.38
191-10993-67,C0993,CTA CORRIENTE,La Molina,16/06/2024,9513.64
191-10994-98,C0994,CTA CORRIENTE,Cajamarca,08/09/2018,11193.28
191-10995-69,C0995,NA,Lince,04/12/2015,9331.41
191-10996-40,C0996,NA,Cajamarca,05/03/2017,11583.4
191-10997-47,C0997,CTA CORRIENTE,Surco,02/11/2016,6111.27
191-10998-24,C0998,CTA AHORROS DOLARES,Lince,03/10/2010,9724.93
191-10999-20,C0999,NA,Surco,27/09/2017,8063.29
191-11000-80,C1000,CTA CORRIENTE,Lince,21/09/2012,12450.13
